<?xml version="1.0" encoding="UTF-8"?>
<!DOCTYPE hibernate-mapping PUBLIC "-//Hibernate/Hibernate Mapping DTD 3.0//EN"
        "http://www.hibernate.org/dtd/hibernate-mapping-3.0.dtd">
<hibernate-mapping>
    <class name="entities.Empleado" table="empleado">
        <id name="dni" column="dni" type="string" length="9">
            <generator class="assigned"></generator>
        </id>
        <property name="nomEmp" column="nom_emp" type="string" length="40" not-null="true"/>
        <many-to-one name="idDepto" class="entities.Departamento" column="id_depto" not-null="true"/>
    </class>
</hibernate-mapping>