<?xml version="1.0" encoding="UTF-8"?>
<!DOCTYPE hibernate-configuration PUBLIC "-//Hibernate/Hibernate Configuration DTD 3.0//EN"
        "http://www.hibernate.org/dtd/hibernate-configuration-3.0.dtd">
<hibernate-configuration>
    <session-factory>
        <property name="hibernate.connection.driver_class">com.mysql.cj.jdbc.Driver</property>
        <property name="connection.url">jdbc:mysql://localhost/proyecto_orm</property>
        <property name="connection.username">lucas</property>
        <property name="connection.password">abc123.</property>
        <property name="dialect">org.hibernate.dialect.MySQL5Dialect</property>
        <property name="hibernate.show_sql">true</property>

        <property name="hibernate.format_sql">true</property>

        <mapping resource="resources/sede.hbm.xml"/>
        <mapping resource="resources/proyectoSede.hbm.xml"/>
        <mapping resource="resources/proyecto.hbm.xml"/>
        <mapping resource="resources/empleadoDatosProf.hbm.xml"/>
        <mapping resource="resources/empleado.hbm.xml"/>
        <mapping resource="resources/departamento.hbm.xml"/>

    </session-factory>
</hibernate-configuration>
