<?xml version="1.0" encoding="UTF-8"?>
<!DOCTYPE hibernate-mapping PUBLIC "-//Hibernate/Hibernate Mapping DTD 3.0//EN"
        "http://www.hibernate.org/dtd/hibernate-mapping-3.0.dtd">
<hibernate-mapping>
    <class name="entities.Departamento" table="departamento">
        <id name="idDepto" column="id_depto" type="int" >
            <generator class="identity"></generator>
        </id>
        <property name="nomDepto" column="nom_Depto" type="string" length="32" not-null="true"/>
        <many-to-one name="idSede" class="entities.Sede" column="id_sede" not-null="true"/>
    </class>
</hibernate-mapping>