<?xml version="1.0" encoding="UTF-8"?>
<!DOCTYPE hibernate-configuration PUBLIC "-//Hibernate/Hibernate Configuration DTD 3.0//EN"
        "http://www.hibernate.org/dtd/hibernate-configuration-3.0.dtd">
<hibernate-configuration>
    <session-factory>
        <property name="connection.driver_class">com.mysql.jdbc.Driver</property>
        <property name="connection.url">jdbc:mysql://localhost/proyecto_orm</property>
        <property name="connection.username">andres</property>
        <property name="connection.password">abc123.</property>
        <property name="hibernate.dialect">org.hibernate.dialect.MySQLDialect</property>
        <property name="hibernate.show_sql">true</property>

        <mapping resource="sede.hbm.xml"/>
        <mapping resource="proyectoSede.hbm.xml"/>
        <mapping resource="proyecto.hbm.xml"/>
        <mapping resource="empleadoDatosProf.hbm.xml"/>
        <mapping resource="empleado.hbm.xml"/>
        <mapping resource="departamento.hbm.xml"/>

    </session-factory>
</hibernate-configuration>
